Post_Type,Hashtag_Count,Posting_Hour,Day_of_Week,Followers,Caption_Length,Likes,Comments,Shares,Saves,Reach,New_Followers,Engagement_Rate
Photo,9,10,Sun,27479,12,470,18,10,41,13128,7,3.79
Carousel,29,21,Wed,61119,262,7508,657,195,1071,80815,101,10.34
Reel,14,17,Wed,94376,181,12660,546,411,2214,47797,183,28.49
Carousel,2,7,Mon,33069,33,4332,121,177,274,25713,72,18.01
Story,9,22,Wed,88045,326,5752,237,270,551,113688,71,5.51
Reel,11,6,Wed,39792,239,5700,421,92,846,38270,43,16.23
Reel,22,15,Mon,63019,303,8229,765,247,1167,52411,138,17.63
Photo,25,3,Thu,47998,244,1384,134,64,241,48735,23,3.25
Photo,25,13,Sat,1704,103,189,6,2,28,2032,2,9.69
Reel,1,9,Wed,57865,115,1147,42,32,195,42270,8,2.89
Reel,2,14,Tue,75661,398,10531,558,161,546,75098,27,14.98
Carousel,17,13,Fri,55772,463,9158,547,332,636,75882,57,13.23
Reel,5,9,Wed,27563,292,5956,182,137,1049,41254,117,15.21
Photo,15,8,Tue,60972,54,3406,117,55,481,51190,63,6.99
Photo,27,8,Tue,39073,152,3277,65,47,241,17308,62,19.58
Story,6,6,Fri,83581,333,11480,918,510,1341,28540,106,45.23
Photo,18,20,Sat,18772,198,1002,38,32,123,9496,15,11.29
Reel,14,7,Tue,13631,296,2240,86,61,331,8826,29,27.05
Story,22,20,Tue,16174,17,2276,193,52,337,10066,40,25.04
Photo,24,8,Sat,61598,173,8839,176,306,1474,57977,41,16.08
Reel,17,16,Sat,92826,275,17579,1287,813,3476,119389,341,16.48
Story,22,0,Thu,47004,89,6923,663,313,890,21520,69,36.71
Photo,16,3,Thu,86590,183,10272,567,196,1933,50000,105,22.07
Reel,16,21,Mon,87123,250,22950,1332,767,3633,103546,139,24.19
Story,5,5,Wed,30589,482,3181,210,61,547,25748,16,13.41
Photo,17,23,Wed,59336,458,6019,440,120,387,54523,76,12.07
Reel,7,1,Wed,15941,221,519,28,24,42,8034,5,7.11
Carousel,28,8,Sat,78668,414,8033,363,106,664,47479,62,17.91
Reel,20,13,Thu,58311,72,5907,145,186,827,53403,77,11.68
Reel,28,15,Fri,76049,342,2234,127,86,206,43171,18,5.67
Photo,2,14,Sun,4133,466,408,34,15,32,3908,6,11.69
Reel,22,16,Wed,79836,153,20976,2040,352,4013,33832,370,69.07
Reel,4,7,Fri,68637,433,11125,981,187,1358,76509,219,16.07
Reel,14,11,Tue,19696,495,2114,148,62,275,19296,39,12.04
Reel,1,16,Mon,12352,467,3163,294,133,380,15706,16,22.86
Carousel,7,6,Sat,75851,304,10397,947,110,1241,52444,79,21.84
Carousel,19,1,Mon,27424,245,1138,85,52,100,34550,14,3.69
Reel,0,12,Tue,32406,192,5537,375,134,542,13630,24,44.36
Reel,24,8,Wed,98289,36,22988,1634,496,4126,100168,316,25.08
Photo,17,11,Tue,54812,174,6514,484,258,1239,74884,87,9.69
Reel,22,1,Fri,95132,490,13620,1326,362,1233,139869,268,10.94
Reel,10,21,Fri,83338,351,15861,431,281,1887,95790,269,17.3
Reel,16,9,Tue,48762,380,11730,942,459,902,55173,124,23.8
Reel,9,1,Wed,57744,5,11811,1028,247,1990,55355,54,23.64
Reel,0,1,Tue,87689,47,14092,582,527,2102,113018,229,13.45
Carousel,23,12,Wed,26477,384,5054,198,210,853,27317,28,19.99
Reel,19,6,Wed,9926,215,331,9,15,63,14406,1,2.46
Story,11,15,Wed,59315,57,3198,278,112,549,40553,45,8.85
Photo,26,3,Thu,45432,441,6527,390,263,1068,57169,101,12.56
Carousel,19,10,Mon,54012,443,1006,89,26,54,37217,6,3.01
Reel,18,22,Sun,19184,40,3715,163,46,314,10705,13,36.66
Reel,12,13,Wed,71617,137,10841,671,159,2096,84378,146,13.83
Reel,18,19,Wed,80526,3,13541,1036,475,1031,113032,105,13.32
Reel,25,22,Fri,17433,58,633,36,29,119,20953,4,3.33
Reel,0,17,Mon,78938,367,1580,112,23,202,65764,22,2.61
Photo,25,16,Thu,63430,38,3487,91,74,459,31137,40,11.73
Photo,12,6,Sat,41191,484,2718,85,108,497,28725,26,10.13
Carousel,13,22,Sun,20924,263,2673,267,111,181,16666,27,18.31
Reel,21,0,Mon,59937,388,9280,615,277,1679,83869,64,12.13
Reel,16,6,Mon,53376,309,1767,59,23,203,73247,6,2.52
Story,14,16,Wed,45217,253,791,65,27,57,16979,6,5.2
Reel,27,13,Mon,90615,169,16857,1121,399,2268,88833,69,20.69
Photo,28,14,Fri,19399,323,2485,102,39,156,25579,22,10.27
Reel,18,1,Mon,81475,494,11450,977,155,1640,119544,101,10.52
Reel,15,17,Sun,33194,50,2580,128,58,427,15721,48,17.59
Photo,10,2,Sun,90280,150,5936,165,244,1042,81233,75,7.81
Story,26,1,Tue,81925,374,1482,147,39,104,96038,22,1.74
Story,28,19,Mon,78447,381,8680,353,253,1125,55921,63,16.61
Carousel,19,0,Sun,37219,34,2006,169,65,295,25575,31,8.76
Reel,10,19,Sun,21307,6,2934,284,73,529,11168,39,29.47
Carousel,15,10,Thu,87627,129,5761,557,105,922,83938,87,7.65
Photo,21,5,Sat,50850,462,3138,179,83,332,49552,8,6.86
Reel,12,20,Sun,40142,451,5867,257,195,343,23576,80,26.8
Reel,11,19,Wed,48349,372,3189,292,48,276,19792,53,17.83
Carousel,25,8,Fri,42321,406,6151,309,86,372,30043,15,21.79
Reel,0,1,Fri,6111,75,275,6,3,43,2130,1,13.33
Photo,24,13,Thu,22618,408,2623,68,128,134,19078,51,14.78
Reel,0,15,Thu,36778,149,1089,72,27,117,27848,21,4.27
Reel,7,15,Thu,43351,221,6066,400,104,908,33936,73,19.36
Reel,16,21,Sun,64380,114,10755,847,454,1870,59979,139,20.1
Photo,14,17,Tue,33598,279,1379,77,39,268,18259,21,8.19
Reel,5,9,Thu,61831,457,1628,56,28,299,30826,11,5.55
Reel,26,1,Sun,15878,494,3110,228,108,380,16444,56,20.96
Carousel,7,2,Tue,23336,121,3250,235,41,378,29571,52,11.92
Carousel,14,6,Thu,61088,193,1124,47,23,60,20756,9,5.75
Reel,27,0,Tue,40933,391,2505,147,40,153,54486,19,4.94
Reel,19,0,Sun,98727,32,5402,213,127,580,118975,51,4.83
Carousel,17,8,Sun,47576,435,3616,209,75,374,22600,21,17.26
Carousel,16,6,Sun,97035,423,4083,257,187,786,127916,23,3.54
Reel,2,16,Sun,85879,130,10902,818,281,1960,50913,161,23.57
Carousel,22,0,Fri,34752,14,5036,205,81,598,43385,78,12.27
Story,17,17,Fri,66847,362,8269,269,120,1490,49712,42,17.42
Photo,24,21,Mon,32207,392,4099,256,82,296,30001,31,14.79
Carousel,1,1,Sat,66610,312,3793,102,116,354,82788,33,4.84
Photo,14,7,Sun,76612,137,6058,577,70,1163,61593,93,10.89
Reel,2,4,Sun,9407,211,2139,173,34,140,3693,28,63.53
Carousel,18,5,Mon,49683,192,8888,509,286,892,46342,56,20.89
Carousel,15,15,Sun,92164,339,13342,896,424,936,94755,201,15.47
Photo,9,5,Sat,25882,402,1992,191,76,357,14166,10,15.95
Reel,23,17,Sun,39032,143,2300,211,71,328,47989,31,5.38
Photo,16,20,Sat,85454,74,10318,861,285,1956,90310,161,12.69
Reel,4,1,Wed,90863,394,8174,647,330,590,121288,141,7.54
Carousel,13,5,Wed,34114,452,1468,78,62,146,20996,9,7.66
Reel,12,0,Thu,55276,473,3538,326,58,302,54547,65,7.19
Reel,4,7,Tue,83847,102,16299,1447,255,2223,80554,261,22.35
Carousel,16,16,Fri,91660,198,16559,1008,809,2477,72831,146,25.23
Carousel,5,16,Sat,30199,264,1130,77,21,150,15361,4,7.99
Carousel,20,12,Tue,13632,263,2608,86,69,266,18143,24,15.23
Photo,7,22,Sat,6566,398,775,49,9,75,4310,15,19.33
Reel,13,3,Fri,69178,217,7335,556,191,519,89511,93,9.03
Reel,1,20,Wed,52733,352,1822,81,51,333,26896,34,7.27
Photo,26,4,Mon,26209,292,1782,112,42,331,12313,3,15.72
Reel,0,6,Wed,88079,4,13616,1018,628,997,88285,235,17.29
Reel,15,5,Tue,64257,76,6823,187,262,1100,30004,117,24.24
Carousel,26,14,Sat,19819,61,3189,200,158,625,28971,60,12.24
Story,13,20,Tue,81306,147,5108,322,203,488,68728,17,8.2
Photo,11,6,Mon,67651,341,5708,366,117,332,85918,55,7.21
Photo,7,7,Tue,99103,44,9004,415,221,457,60044,31,16.05
Reel,11,6,Thu,22112,240,4774,222,131,715,29534,60,17.36
Photo,1,15,Sat,97682,355,2282,74,91,226,54723,17,4.47
Photo,5,5,Tue,62405,213,7923,220,121,1463,92418,155,8.94
Reel,22,20,Sun,53625,51,8898,487,349,1247,21707,107,44.84
Photo,24,1,Tue,78060,148,9870,603,159,897,57213,26,18.58
Carousel,26,14,Wed,19072,489,1980,190,97,383,7150,4,31.71
Carousel,20,11,Sat,63388,453,7313,545,258,1459,51525,88,15.75
Photo,0,16,Tue,45939,237,6457,267,308,823,24080,18,29.2
Reel,6,15,Mon,57405,481,10037,294,419,1694,45975,42,23.38
Carousel,25,13,Mon,88722,44,11574,757,278,2113,118586,108,10.63
Story,19,11,Thu,44078,61,5608,159,244,639,40100,19,14.99
Photo,28,15,Tue,18022,389,2471,122,64,485,21122,27,12.58
Photo,18,15,Sun,34607,133,1526,148,50,136,10566,11,16.32
Carousel,16,21,Wed,88811,431,11856,750,264,1814,38803,204,33.17
Story,1,1,Wed,25736,350,691,54,26,121,29971,8,2.57
Photo,12,7,Tue,72794,128,1393,126,25,172,60720,6,2.54
Reel,10,1,Wed,98969,394,17674,681,595,2035,124736,177,15.19
Carousel,10,15,Mon,3603,214,368,36,18,27,5110,6,8.26
Carousel,16,14,Sat,71040,132,12318,940,382,692,85545,26,15.94
Photo,8,20,Wed,62840,286,3873,269,173,393,85083,59,5.07
Reel,2,14,Wed,23544,246,5493,196,271,757,19780,86,30.13
Carousel,7,3,Thu,79791,225,12118,539,461,752,79693,79,16.46
Reel,17,16,Thu,11016,302,1101,38,54,179,5336,18,22.36
Photo,15,22,Fri,4845,58,237,7,9,40,6630,2,3.82
Photo,13,8,Mon,78752,135,8609,277,404,1542,86119,141,10.79
Photo,25,12,Mon,35320,217,4189,234,74,543,12465,35,36.08
Carousel,6,16,Sat,10217,49,1204,73,54,117,9219,24,14.44
Photo,25,21,Sun,81395,288,2374,117,27,391,100744,20,2.5
Photo,20,7,Wed,7770,85,946,58,25,188,4488,15,22.93
Reel,22,16,Sat,22634,375,3991,354,152,572,26724,37,16.83
Photo,8,5,Mon,91391,17,9132,393,227,494,83750,108,11.64
Photo,17,7,Mon,44319,32,3760,151,99,251,56134,73,7.14
Photo,7,16,Sat,84732,382,5625,238,97,376,31476,111,18.94
Reel,10,16,Sat,70254,322,15672,817,644,2226,28059,277,61.06
Reel,9,13,Wed,33554,310,5057,468,75,442,20504,21,27.31
Reel,27,11,Sat,47291,11,9767,206,280,611,31142,126,32.92
Photo,5,18,Fri,30673,439,2525,185,27,458,18828,32,14.54
Reel,29,9,Sun,90539,354,4761,321,196,906,77015,47,6.85
Reel,26,12,Sat,80152,207,3877,132,50,339,114783,67,3.54
Story,8,9,Sun,8670,49,124,3,5,9,5034,1,2.62
Story,6,2,Wed,23110,246,1213,109,17,225,12289,4,10.9
Photo,17,1,Thu,44541,351,1259,110,47,102,38399,19,3.69
Photo,14,4,Sat,53446,213,6581,142,299,738,48413,95,14.5
Carousel,0,2,Thu,38772,273,4057,311,60,282,23521,54,18.83
Story,23,5,Sat,42675,119,3842,329,87,530,37761,47,11.28
Reel,0,2,Wed,50005,253,6687,499,73,1273,31221,28,23.25
Carousel,7,17,Sat,4893,272,652,61,19,39,4808,10,15.22
Carousel,0,8,Tue,514,367,55,3,0,6,220,0,26.36
Reel,27,2,Tue,56616,293,14348,1012,597,2659,55856,114,28.57
Carousel,27,17,Thu,88413,20,14692,1358,227,2925,112259,202,14.5
Photo,3,14,Sun,71808,447,2584,100,90,413,62302,45,4.45
Photo,26,6,Fri,947,330,125,4,2,13,1154,1,11.35
Photo,16,20,Fri,97854,48,7410,239,364,859,75756,78,10.58
Photo,20,10,Sat,43536,202,6336,595,252,682,24009,100,29.92
Story,0,7,Mon,40852,454,3829,365,49,671,48076,18,8.83
Photo,27,23,Sun,35513,1,355,14,12,36,15095,6,2.52
Reel,8,19,Sun,23192,238,469,20,21,47,10023,6,5.09
Photo,22,2,Tue,52064,305,2486,206,37,234,46466,26,5.87
Reel,2,9,Sun,56656,211,12773,1011,285,1451,35814,185,39.28
Reel,6,5,Tue,25173,472,3963,118,134,696,10502,62,40.14
Photo,2,11,Wed,3667,86,78,4,2,15,5267,0,1.59
Reel,16,21,Tue,11877,471,1686,120,39,320,11959,28,15.43
Reel,17,21,Mon,36215,237,2589,87,123,348,18374,12,15.23
Reel,13,15,Tue,88809,308,2808,82,56,271,79970,28,3.68
Carousel,13,8,Thu,36548,5,2859,103,80,522,47239,30,6.44
Photo,22,2,Sat,23395,38,835,19,36,94,16394,9,5.43
Photo,28,21,Fri,7689,143,271,11,6,16,4416,3,6.52
Reel,4,3,Fri,74807,379,11249,817,420,1151,70098,85,17.81
Reel,25,22,Thu,29020,223,5975,596,158,535,14612,105,46.05
Photo,15,22,Thu,29641,339,4418,282,186,340,19414,31,25.17
Story,20,9,Fri,3706,259,401,18,13,68,3987,4,10.84
Carousel,17,3,Mon,65073,140,2551,160,64,302,87199,17,3.18
Photo,7,8,Tue,13383,111,1284,27,54,139,11911,22,11.46
Reel,22,22,Thu,57645,204,3815,86,75,634,85176,29,4.67
Photo,18,23,Wed,44660,132,2535,103,120,278,49045,39,5.62
Reel,23,6,Thu,78415,363,14059,683,450,1305,94192,216,16.13
Photo,14,5,Tue,36612,432,4612,148,67,910,25858,41,18.67
Reel,16,23,Sun,86104,299,9300,903,110,1152,100675,156,10.24
Story,17,0,Sun,16581,212,692,64,29,126,13190,2,5.95
Reel,7,11,Tue,52167,17,2369,97,97,183,28108,34,9.12
Reel,29,13,Wed,69733,122,11242,239,410,1388,25997,122,45.74
Reel,7,10,Fri,76095,327,19906,764,774,2756,58494,73,36.66
Carousel,18,4,Mon,63239,473,7072,309,215,1030,30662,73,24.77
Photo,3,16,Sun,63765,337,925,61,11,50,63130,17,1.58
Carousel,16,2,Wed,62856,43,4343,219,125,844,83262,42,5.63
Story,0,5,Wed,45771,240,5063,421,199,788,20097,34,28.28
Reel,21,15,Mon,12503,401,3206,79,81,540,17706,47,19.01
Photo,29,23,Thu,66065,210,2017,67,76,344,77150,20,2.8
Reel,9,22,Fri,54583,489,12842,407,254,2482,77219,63,17.49
Carousel,25,20,Fri,62498,42,9646,530,218,735,83971,169,12.38
Reel,13,20,Thu,29857,410,3755,358,145,698,29413,38,14.48
Photo,24,16,Tue,94884,42,13384,1098,289,1002,127190,224,11.61
Story,16,18,Wed,23185,406,1959,126,79,123,9164,22,23.61
Story,9,1,Sun,86690,268,5008,234,231,366,106499,79,5.14
Reel,1,14,Sun,63276,307,7824,641,215,895,38988,97,22.26
Reel,20,5,Thu,25458,324,2025,56,75,295,10951,21,19.69
Photo,16,9,Fri,52893,209,3683,212,83,540,50548,44,7.87
Story,15,0,Mon,51884,177,5195,274,152,955,50610,89,11.11
Carousel,14,4,Thu,15945,257,1302,41,32,206,7202,7,19.09
Reel,10,20,Tue,86575,63,4442,170,138,883,81024,33,5.86
Carousel,26,16,Thu,91610,391,16544,779,817,1479,120851,246,15.01
Photo,25,12,Sun,51754,309,5780,385,283,883,45994,24,14.02
Reel,3,14,Fri,75747,317,4738,264,127,533,98289,53,5.22
Photo,2,0,Sun,86181,154,10834,512,408,1332,29800,81,39.44
Reel,19,10,Sun,27646,418,7119,589,304,991,18920,67,42.35
Photo,5,17,Thu,54419,64,2687,150,76,394,27895,6,10.44
Carousel,13,18,Thu,18806,51,2087,81,97,224,10103,32,22.42
Reel,2,20,Wed,62200,298,15750,633,366,1482,83345,177,20.1
Reel,0,23,Tue,70209,210,7155,427,145,380,44749,40,17.27
Photo,8,23,Tue,93161,49,5670,541,157,916,47266,51,13.47
Reel,6,10,Fri,55720,90,3602,246,140,657,76186,45,5.23
Carousel,11,23,Mon,27361,218,2644,257,123,411,39977,14,7.56
Reel,22,17,Wed,72461,488,17798,473,517,1667,107159,108,17.53
Photo,0,8,Sun,43823,446,6367,159,209,1170,19625,88,34.32
Carousel,21,21,Mon,98607,373,4133,302,103,514,31960,40,14.2
Photo,11,6,Fri,82837,192,11600,906,198,1995,90102,70,14.1
Carousel,1,8,Wed,49415,311,2403,208,32,347,71485,35,3.7
Reel,14,10,Sun,4636,192,1109,59,44,214,4031,13,30.07
Photo,18,3,Thu,57690,470,7004,222,110,921,62295,84,11.78
Reel,23,23,Sat,28928,153,743,23,30,142,8937,3,8.91
Reel,3,2,Tue,43507,178,4867,416,235,545,41268,26,13.37
Photo,10,22,Sat,49412,267,2501,92,81,363,16527,41,16.18
Carousel,2,0,Sun,72241,179,12105,597,391,908,47079,154,27.81
Reel,26,17,Sat,44336,320,3474,208,129,674,21385,59,17.82
Carousel,17,5,Thu,82046,362,7947,209,286,1511,71768,135,11.76
Carousel,6,6,Sun,24117,444,3468,263,95,644,11796,34,32.43
Photo,10,4,Fri,21975,335,3294,279,153,551,7142,6,52.17
Reel,14,21,Thu,97675,160,10697,825,247,1076,118135,152,9.96
Reel,25,1,Mon,15389,358,1566,140,67,163,12835,3,13.81
Carousel,26,23,Wed,18980,21,2088,69,68,198,24024,9,9.26
Reel,21,5,Wed,30989,469,7753,415,386,975,32403,26,26.4
Reel,14,19,Sat,84900,410,22784,1317,765,1870,74373,252,33.43
Carousel,14,8,Fri,93027,374,6053,524,215,1184,115924,66,5.86
Photo,7,2,Tue,83768,214,6347,147,228,1249,84085,117,7.99
Reel,29,5,Wed,41525,272,7693,310,269,567,37536,21,22.04
Reel,10,22,Wed,34055,407,2230,208,36,288,25187,36,9.82
Photo,13,11,Sat,57231,116,1926,133,70,295,74197,27,2.87
Carousel,24,15,Sun,2730,159,200,5,6,15,3358,1,6.28
Reel,12,6,Mon,95741,138,20539,1290,819,1178,75960,143,29.82
Carousel,8,1,Mon,37831,247,673,26,33,111,21800,12,3.36
Reel,24,14,Sun,81276,324,21011,1869,907,1312,38446,334,61.87
Reel,24,20,Thu,33025,334,4250,135,212,279,30552,43,15.05
Story,25,3,Wed,28978,355,2867,152,110,482,33502,17,9.34
Photo,9,4,Sat,50116,338,3537,225,46,193,31417,26,12.12
Photo,10,6,Mon,25513,309,1616,37,53,215,31366,18,5.44
Carousel,24,23,Sat,33154,389,1369,114,49,199,48493,12,3.16
Reel,14,15,Fri,48509,104,10552,645,422,954,27996,42,41.5
Reel,25,16,Tue,73679,316,17534,984,635,1681,25318,290,75.65
Carousel,3,4,Mon,24975,291,659,60,27,60,36314,9,2.05
Reel,15,7,Mon,35590,327,7715,326,244,474,24084,70,34.4
Carousel,10,15,Sun,65892,32,1671,136,38,131,64274,17,2.87
Reel,1,6,Tue,78501,189,10550,332,220,1907,79194,145,14.02
Reel,10,13,Sat,13209,374,1311,65,21,194,16449,14,8.49
Photo,10,11,Sat,82891,441,1919,89,89,200,107234,7,1.96
Photo,16,6,Mon,22474,182,2040,119,90,246,17411,11,12.92
Story,27,11,Mon,15892,79,1429,48,68,218,14959,27,10.33
Reel,12,5,Sat,41174,463,6826,260,206,1123,51561,102,14.14
Photo,17,16,Wed,41940,191,3102,121,74,266,45125,18,7.31
Photo,29,10,Mon,33275,445,4924,319,96,483,46234,28,11.55
Carousel,8,19,Sat,34321,298,2336,135,79,224,15349,37,16.61
Photo,11,18,Wed,38003,309,3641,324,152,665,29120,27,14.14
Carousel,16,10,Sun,34595,345,931,71,20,110,15041,13,6.79
Photo,25,4,Tue,85054,262,1434,61,42,83,59591,8,2.58
Story,8,17,Wed,23782,110,3537,308,112,667,29157,15,13.57
Reel,23,20,Sat,70887,171,12022,940,370,716,97922,156,13.61
Photo,4,22,Thu,35084,23,1137,112,50,203,29634,17,4.38
Story,20,10,Sun,91886,235,5093,354,111,771,117077,23,4.75
Reel,16,22,Mon,97708,21,24418,1053,667,3066,110594,193,23.63
Carousel,5,16,Mon,14423,232,861,84,23,61,9182,17,10.54
Reel,10,16,Sat,62491,291,13561,966,605,1540,38772,171,39.03
Photo,12,2,Fri,74482,102,7765,542,286,736,96688,89,8.89
Photo,12,16,Wed,88476,457,2243,116,61,167,42118,20,5.75
Photo,19,12,Mon,96775,365,1002,37,28,81,55445,15,1.92
Photo,3,3,Tue,11903,301,1737,70,86,112,3577,20,52.92
Photo,12,18,Wed,84070,470,5664,343,167,568,81494,100,7.58
Photo,6,20,Mon,11737,270,1017,44,31,188,7186,7,15.2
Story,17,5,Sat,72018,328,1460,97,20,195,38140,14,4.13
Photo,29,3,Tue,89023,103,12366,1052,404,1257,108525,195,12.74
Reel,17,22,Tue,20946,16,389,8,11,35,28273,1,1.44
Photo,12,8,Fri,41421,316,2216,149,105,201,47305,31,5.22
Photo,21,1,Thu,21575,191,1332,81,20,84,25550,11,5.61
Carousel,2,9,Tue,64597,374,10316,328,481,699,84082,74,13.23
Story,16,14,Sat,55336,328,6940,190,308,643,34747,100,21.41
Reel,5,4,Fri,62513,476,16846,1440,219,2733,80040,220,23.12
Photo,16,3,Sun,29554,53,968,68,10,155,24048,16,4.35
Story,3,16,Mon,60103,46,1480,141,60,263,47663,11,3.53
Photo,4,4,Thu,51877,295,5350,357,74,959,60225,49,9.6
Reel,26,17,Tue,43662,460,3676,241,73,299,34020,72,11.73
Reel,13,7,Mon,71924,272,15860,964,337,1747,70456,65,24.36
Carousel,17,9,Fri,99395,253,15686,1056,626,2591,35028,139,49.58
Carousel,19,18,Fri,21502,173,3437,86,136,350,16884,26,21.67
Reel,8,10,Tue,51168,9,8102,413,335,1457,61493,71,14.39
Reel,21,20,Wed,24098,138,2263,63,58,413,16336,26,14.59
Carousel,4,19,Mon,43998,253,6073,315,168,574,60542,62,10.83
Carousel,18,4,Sat,53118,335,1076,77,48,192,21624,18,5.55
Carousel,1,5,Sat,3270,122,93,6,2,16,3396,1,2.97
Carousel,3,9,Wed,21543,25,2102,103,52,314,20539,17,10.99
Photo,14,15,Wed,83374,165,2757,173,110,283,112825,35,2.69
Photo,3,15,Tue,10578,354,117,2,2,19,11643,0,1.04
Reel,17,14,Tue,35275,269,3429,319,47,473,32073,28,11.83
Reel,6,1,Sun,90861,389,7443,663,224,1258,65535,144,12.71
Carousel,22,19,Fri,99848,299,1628,147,34,258,95275,13,1.9
Photo,29,9,Sun,22036,46,1790,169,31,344,10035,10,19.83
Reel,23,14,Sun,8912,250,162,8,2,14,5329,0,3.23
Reel,22,0,Sat,99799,285,19055,1255,553,3227,114679,206,18.19
Carousel,7,17,Sat,26412,267,2786,61,52,347,9592,21,30.22
Photo,1,18,Wed,11386,251,363,30,14,50,5278,3,7.71
Reel,13,3,Thu,5684,19,396,33,7,34,5707,6,7.64
Photo,21,0,Sat,44262,472,4071,126,69,332,45916,12,9.29
Photo,19,21,Thu,27902,434,4116,124,162,336,26163,52,16.83
Story,6,3,Sat,89208,235,5126,246,63,532,89883,96,6.05
Reel,4,17,Fri,36440,166,7800,709,91,1270,41800,155,20.57
Carousel,25,0,Wed,67035,404,3885,285,178,381,56792,45,7.66
Reel,16,15,Sun,84600,162,8507,463,320,540,56363,18,16.48
Photo,4,2,Wed,90965,349,11944,564,552,979,112051,91,11.66
Carousel,11,10,Sun,24563,219,1469,130,39,157,21392,23,7.66
Photo,19,23,Sat,81478,49,12023,331,253,1027,108855,99,11.58
Carousel,8,2,Wed,53627,347,4163,292,207,452,44808,78,10.4
Photo,2,20,Fri,9984,63,1201,30,30,156,6333,6,19.91
Reel,28,23,Thu,42979,279,8629,524,255,516,38818,55,24.24
Photo,15,20,Sat,53632,209,7290,612,163,813,46238,15,17.44
Reel,28,3,Sun,41824,344,8798,402,318,558,61122,127,15.57
Story,8,12,Thu,21619,170,1047,82,24,135,30675,18,3.76
Reel,26,13,Thu,6409,270,846,67,39,159,2194,16,43.39
Reel,3,0,Sat,47519,328,9642,198,360,1386,44651,38,22.84
Carousel,29,15,Sun,36314,232,1640,77,61,142,24759,4,7.18
Photo,25,11,Sat,68243,294,7964,688,229,1202,80265,81,11.06
Carousel,28,1,Wed,83508,269,10410,896,120,1821,92029,139,12.42
Story,2,0,Mon,22849,194,1383,136,56,206,25967,10,6.07
Photo,1,1,Mon,10292,135,668,42,13,68,9128,11,7.92
Reel,9,22,Wed,11421,210,2954,153,130,422,9472,17,34.17
Photo,11,1,Thu,56426,371,3329,151,45,251,29145,24,12.09
Carousel,22,21,Sun,18046,131,2886,275,82,450,9978,21,32.5
Photo,25,9,Mon,10579,428,1238,112,19,241,6091,21,22.48
Reel,20,4,Mon,16013,65,2776,190,40,396,8893,34,33.8
Carousel,9,14,Tue,77917,308,11961,1086,221,1027,55544,54,23.89
Carousel,22,8,Fri,46462,241,6582,438,157,1057,60884,97,11.79
Photo,11,19,Thu,29381,423,1008,82,38,149,14968,8,7.54
Carousel,7,3,Tue,66240,247,2217,110,34,171,47032,10,5.02
Photo,24,9,Mon,39585,422,5632,400,94,415,38556,72,15.89
Carousel,29,23,Mon,94145,328,6874,435,167,904,41607,66,17.97
Reel,10,23,Wed,51461,261,1990,94,98,119,66830,14,3.27
Photo,15,11,Tue,87293,243,10778,839,167,1946,54389,196,21.67
Carousel,26,1,Fri,49202,67,8947,180,155,677,23326,145,39.79
Carousel,15,15,Sat,57049,433,3636,245,54,512,54460,40,7.23
Reel,25,23,Tue,28313,238,4682,133,214,358,16082,74,31.27
Story,22,23,Sun,25364,50,3048,243,67,301,14973,57,22.43
Photo,4,14,Tue,50828,108,1802,143,68,232,20086,29,10.02
Photo,22,13,Tue,42401,243,1428,127,61,212,26643,28,6.07
Photo,4,10,Sun,62962,167,2611,101,104,491,70433,22,4.0
Reel,5,18,Fri,99409,68,25387,1818,895,3994,84435,411,33.28
Reel,23,10,Mon,70077,260,16400,748,656,2386,58420,133,30.48
Reel,28,20,Sat,68954,115,18288,1101,579,1804,87079,149,22.93
Reel,4,3,Wed,45602,60,10384,412,219,757,42470,73,25.94
Photo,15,20,Mon,77357,407,7246,160,147,1168,86978,104,8.68
Photo,16,8,Sun,56299,119,5722,471,235,685,38129,42,16.86
Reel,13,7,Wed,62797,434,8557,331,128,958,44952,138,20.06
Photo,21,22,Sun,51291,16,5275,503,251,395,35676,41,16.9
Reel,2,0,Sun,88940,0,17971,1062,181,1558,56299,258,34.13
Story,21,21,Sat,80062,320,8202,635,372,1371,34257,33,26.88
Photo,29,7,Thu,73349,149,3245,285,83,396,50804,42,7.11
Reel,4,22,Sun,98501,253,20609,1290,957,3949,66399,89,34.42
Reel,14,13,Wed,54592,24,4646,227,183,384,58195,18,8.69
Photo,21,7,Tue,17365,114,1691,133,58,319,9370,9,20.09
Reel,28,14,Thu,70145,475,12850,557,403,2144,84900,154,16.27
Story,13,16,Sat,12170,404,665,30,7,115,4093,3,17.15
Reel,17,17,Mon,39003,26,9036,257,292,1072,35058,166,27.34
Carousel,7,21,Tue,69556,338,10939,1016,472,709,91863,187,13.53
Carousel,20,11,Sat,21962,454,3976,80,181,530,10191,63,41.58
Reel,20,2,Tue,50529,35,3692,292,39,435,33636,46,11.96
Story,20,23,Sun,15925,247,1178,42,56,99,19040,20,6.7
Reel,14,15,Fri,2464,67,75,7,2,6,1064,1,7.89
Reel,14,6,Thu,59470,263,8885,646,123,744,86233,99,11.2
Carousel,2,5,Sat,40303,469,3195,172,71,166,43468,54,7.91
Reel,15,9,Sun,47005,392,11286,936,333,2183,28586,122,43.92
Carousel,8,10,Wed,6291,277,1171,50,17,132,8136,23,15.22
Photo,7,13,Sat,26592,18,3430,277,54,343,31358,53,11.99
Story,22,22,Mon,36580,197,4623,452,81,254,33108,59,15.57
Reel,6,1,Thu,90024,429,15706,1193,233,2268,40727,303,42.07
Photo,13,3,Mon,26299,83,2958,214,43,562,9987,55,32.19
Reel,13,5,Sat,92323,245,7540,355,195,800,35586,114,22.73
Carousel,24,4,Sun,94163,88,14267,1152,664,828,47677,168,33.73
Carousel,14,11,Mon,13294,497,1474,88,56,106,9753,20,16.59
Reel,16,18,Fri,61723,40,2531,133,36,467,43604,16,6.19
Reel,6,16,Tue,75835,204,17128,1212,537,2916,84019,98,22.47
Reel,28,18,Tue,54273,400,10886,585,187,1225,42631,37,27.35
Story,18,9,Fri,39760,463,3975,299,132,296,38529,65,11.44
Photo,6,4,Sun,12123,76,1321,43,57,172,4253,11,33.41
Carousel,24,16,Mon,14012,252,2128,70,94,113,9297,21,24.65
Carousel,4,2,Tue,98524,226,4345,429,209,633,120297,60,4.14
Photo,15,7,Fri,13897,135,1576,145,51,289,16296,4,10.87
Reel,14,9,Thu,76286,116,15363,474,392,961,97030,63,16.73
Reel,7,16,Wed,33122,201,8072,420,386,1526,44013,149,20.17
Carousel,24,1,Sat,49600,286,3509,111,105,304,29121,45,12.79
Story,10,12,Mon,24455,14,2138,114,44,279,14376,5,15.97
Story,3,2,Sat,15157,43,586,16,8,57,20389,6,2.99
Photo,19,21,Mon,4709,5,204,13,8,29,2656,2,8.47
Photo,11,5,Tue,85291,390,3872,263,97,577,119581,25,3.54
Reel,4,14,Fri,80536,475,9072,632,361,1315,90100,143,11.17
Reel,16,6,Wed,62227,253,1402,49,62,237,50117,22,3.02
Reel,29,11,Wed,19725,241,3368,252,113,438,26314,37,14.19
Photo,2,3,Wed,60604,406,2892,70,76,392,37415,57,8.12
Reel,10,1,Tue,60031,265,2709,143,73,149,22554,23,12.97
Story,8,20,Thu,80486,77,11884,1125,164,1976,76488,137,17.22
Story,13,17,Wed,66100,431,6981,694,296,646,50720,23,15.72
Story,8,18,Thu,21364,424,1860,129,56,93,24652,9,8.3
Story,2,14,Fri,7956,207,412,27,12,78,6519,1,6.92
Story,11,20,Tue,58046,473,5303,195,118,930,22864,70,24.56
Photo,5,17,Tue,39331,133,3743,121,56,718,26157,48,14.99
Story,6,22,Thu,84162,164,3632,235,138,378,98890,42,4.05
Photo,8,17,Thu,4432,374,57,1,0,3,6642,0,0.87
Reel,0,0,Tue,36128,311,1049,46,13,87,33739,3,3.28
Reel,7,19,Fri,96864,25,7091,668,286,1348,84308,14,9.54
Story,19,1,Mon,54139,23,2622,176,47,368,69263,9,4.11
Reel,7,4,Mon,12765,78,2461,186,36,463,18524,31,14.48
Reel,24,16,Sat,37586,381,8967,450,225,1766,42466,87,22.71
Reel,11,20,Sun,63554,197,3038,261,97,474,67239,52,5.05
Story,5,20,Wed,20264,138,2566,173,94,497,24570,37,11.53
Carousel,28,21,Thu,44143,333,3880,244,124,644,65689,31,6.47
Photo,21,21,Wed,40841,87,709,63,22,124,31665,6,2.51
Photo,16,21,Wed,49147,481,5500,163,152,645,59860,50,9.71
Reel,22,22,Sun,77660,491,20033,1519,866,3208,29870,169,75.05
Photo,20,14,Mon,95041,353,2565,174,66,143,92294,15,3.04
Reel,27,13,Thu,59895,312,10241,344,129,2042,71113,117,15.07
Photo,1,21,Fri,16048,199,522,18,15,95,14430,3,3.85
Reel,29,21,Thu,88086,441,18514,1703,365,2268,104357,264,19.72
Story,10,0,Sat,46186,86,2291,115,28,273,65052,4,3.74
Carousel,26,11,Sun,23572,260,3738,115,58,735,29240,71,13.38
Photo,24,17,Mon,64416,452,2927,210,67,455,41189,39,7.78
Photo,19,1,Mon,27717,468,673,61,32,133,37849,5,2.02
Reel,25,5,Sun,22157,241,542,42,17,107,18147,4,3.31
Reel,21,8,Tue,56566,353,6028,446,261,467,78377,118,8.59
Reel,27,9,Wed,47143,166,3132,199,133,562,25652,59,13.5
Photo,20,18,Wed,17758,178,1087,77,28,141,23692,17,5.03
Reel,14,3,Fri,62887,123,7822,467,226,464,67298,26,12.65
Photo,23,10,Tue,3076,64,143,14,5,24,4226,0,3.83
Carousel,3,0,Thu,1821,367,309,19,4,36,2708,1,12.26
Reel,26,5,Thu,27441,469,5269,329,137,760,34086,44,16.83
Reel,9,10,Tue,86628,216,19353,1857,634,1091,125481,48,17.41
Carousel,22,4,Thu,7055,157,795,56,15,103,5463,10,15.85
Reel,6,0,Tue,65227,1,3668,179,45,723,68479,60,5.68
Reel,29,18,Thu,28726,226,5527,278,67,311,28145,53,20.86
Reel,26,18,Tue,16689,367,3417,174,153,213,8411,30,44.51
Reel,21,19,Wed,77032,229,13589,1012,275,1168,73512,98,20.24
Story,9,6,Tue,77496,71,8548,670,144,1672,26839,37,34.88
Carousel,27,0,Wed,30053,474,5319,194,224,1026,33301,75,17.23
Carousel,2,0,Tue,99408,209,3418,156,90,532,33862,27,10.82
Photo,7,9,Fri,79276,96,3747,265,89,619,100162,31,4.09
Reel,23,16,Sun,4518,154,301,20,4,32,5264,1,6.17
Reel,22,5,Wed,81914,37,12304,257,246,829,74307,74,17.24
Photo,11,12,Sat,99837,215,8492,508,252,949,60428,148,15.31
Reel,3,22,Mon,31724,394,6994,660,338,389,46115,119,17.33
Photo,14,19,Wed,3118,185,386,21,5,50,1438,1,28.65
Photo,18,21,Tue,69400,368,2670,244,129,475,87643,25,3.47
Carousel,0,2,Mon,18820,447,3541,261,175,364,25658,60,15.5
Reel,15,9,Fri,88301,419,17827,1476,376,3430,111676,87,17.62
Reel,28,19,Fri,80163,293,7729,670,277,693,72144,67,12.03
Photo,12,20,Mon,64011,243,2952,207,119,197,32470,45,10.1
Photo,10,5,Tue,70226,343,2457,135,64,210,29447,44,9.02
Photo,4,16,Thu,17279,28,2231,175,64,220,24190,43,10.21
Photo,15,21,Sat,8953,384,1110,99,25,147,6098,6,20.24
Photo,15,11,Sun,48479,322,5740,528,207,973,71996,49,8.99
Story,11,23,Tue,31501,341,1938,45,56,296,42915,32,4.75
Carousel,9,5,Sat,57207,351,7270,608,125,1336,81098,103,9.87
Photo,3,6,Wed,14835,401,1903,177,63,315,11249,27,19.05
Photo,16,23,Mon,56862,100,3246,199,153,634,41122,12,8.75
Story,17,5,Sat,80689,59,1188,45,21,117,71911,4,1.74
Reel,0,13,Tue,74747,344,8564,659,358,1575,105456,24,9.09
Reel,12,3,Sun,83449,65,16251,781,509,1290,122970,148,14.26
Reel,14,19,Wed,61428,10,7886,735,335,847,44760,42,20.01
Photo,11,12,Wed,67820,177,1219,85,39,82,28691,12,4.68
Reel,29,9,Sun,4756,10,835,30,11,126,2405,7,36.42
Carousel,3,10,Sun,4462,343,773,70,17,43,3223,11,26.68
Reel,18,11,Sat,30465,327,1067,60,44,71,31792,19,3.68
Carousel,16,6,Tue,39263,268,6097,387,185,430,20267,94,32.91
Photo,13,4,Sat,29543,179,684,44,23,55,37086,10,2.03
Reel,21,7,Tue,86814,202,22584,586,500,2222,111809,370,21.17
Story,24,12,Wed,90192,36,11222,1055,398,1999,89865,112,14.1
Photo,19,2,Mon,29988,113,4426,180,48,556,42451,87,10.96
Reel,25,7,Sat,21096,291,5692,441,90,851,27194,44,22.88
Reel,2,12,Mon,53406,46,7366,731,159,955,54132,54,15.25
Reel,20,16,Wed,21844,264,3945,114,113,574,17096,31,24.4
